#Indent,Branch,PV,Description,Latch,Delay,Filter,Guidance
0,TMO Beamline Devices,,,,,,
1,Mirrors,,,,,,
2,MR1K4,,,,,,
,,MR1K4:SOMS:FWM:1_RBV,Flow sensor 1,,,,
,,MR1K4:SOMS:FWM:2_RBV,Flow sensor 2,,,,
,,MR1K4:SOMS:PRSM:1_RBV,Cool pressure,,,,
,,MR1K4:SOMS:PIP:01:PRESS_RBV,MR1K4 ion pump,,,,
,,MR1K4:SOMS:GCC:1:PRESS_RBV,GCC,,,,
,,MR1K4:SOMS:COATING:STATE:GET_RBV,MR1K4 Coating,,,MR1K4:SOMS:COATING:STATE:GET_RBV == B4C && SIOC:SYS0:ML00:AO628 <= 450,
,,MR1K4:SOMS:GANTRY_X_RBV,Gantry X,,,,
,,MR1K4:SOMS:GANTRY_Y_RBV,Gantry Y,,,,
,,MR1K4:SOMS:COATING:STATE:PMPS:ARB:ENABLE_RBV,MR1K4 arbiter status,,,,
2,MR2K4,,,,,,
,,MR2K4:KBO:FWM:1_RBV,Flow sensor,,,,
,,MR2K4:KBO:PRSM:1_RBV,Cool pressure,,,,
,,MR2K4:KBO:PIP:01:PRESS_RBV,MR2K4 ion pump,,,,
,,MR2K4:KBO:RTD:CHIN:R:TEMP_RBV,Temperature,,,,
,,MR2K4:KBO:RTD:CHIN:L:TEMP_RBV,Temperature,,,,
,,MR2K4:KBO:GCC:01:PRESS_RBV,GCC,,,,
,,MR2K4:KBO:COATING:STATE:GET_RBV,MR2K4 Coating,,,MR2K4:KBO:COATING:STATE:GET_RBV == B4C && SIOC:SYS0:ML00:AO628 <= 450,
,,MR2K4:KBO:COATING:STATE:PMPS:ARB:ENABLE_RBV,MR2K4 arbiter status,,,,
2,MR3K4,,,,,,
,,MR3K4:KBO:FWM:1_RBV,Flow sensor,,,,
,,MR3K4:KBO:RTD:CHIN:R:TEMP_RBV,Temperature,,,,
,,MR3K4:KBO:RTD:CHIN:L:TEMP_RBV,Temperature,,,,
,,MR3K4:KBO:COATING:STATE:GET_RBV,MR3K4 Coating,,,MR3K4:KBO:COATING:STATE:GET_RBV == B4C && SIOC:SYS0:ML00:AO628 <= 450,
,,MR3K4:KBO:COATING:STATE:PMPS:ARB:ENABLE_RBV,MR3K4 arbiter status,,,,
2,MR4K4,,,,,,
,,MR4K4:KBO:RTD:CHIN:L:TEMP_RBV,Temperature,,,,
,,MR4K4:KBO:PIP:01:PRESS_RBV,MR4K4 ion pump,,,,
,,MR4K4:KBO:GCC:01:PRESS_RBV,GCC,,,,
2,MR5K4,,,,,,
,,MR5K4:KBO:RTD:CHIN:L:TEMP_RBV,Temperature,,,,
1,Imagers,,,,,,
2,IM1K4,,,,,,
,,IM1K4:XTES:MMS:STATE:PMPS:ARB:ENABLE_RBV,IM1K4 arbiter status,,,,
2,IM2K4,,,,,,
,,IM2K4:PPM:FWM:VAL_RBV,Flow sensor ,,,,
,,IM2K4:PPM:SPM:STC:TEMP_RBV,PM thermocouple,,,,
,,IM2K4:PPM:YAG:STC:TEMP_RBV,YAG thermocouple,,,,
,,IM2K4:PPM:MMS:STATE:PMPS:ARB:ENABLE_RBV,IM2K4 arbiter status,,,,
2,IM3K4,,,,,,
,,IM4K4:PPM:FWM:VAL_RBV,Flow sensor ,,,,
,,IM3K4:PPM:SPM:STC:TEMP_RBV,PM thermocouple,,,,
,,IM3K4:PPM:YAG:STC:TEMP_RBV,YAG thermocouple,,,,
,,IM3K4:PPM:MMS:STATE:PMPS:ARB:ENABLE_RBV,IM3K4 arbiter status,,,,
2,IM4K4,,,,,,
,,IM4K4:PPM:FWM:VAL_RBV,Flow sensor ,,,,
,,IM4K4:PPM:SPM:STC:TEMP_RBV,PM thermocouple,,,,
,,IM4K4:PPM:YAG:STC:TEMP_RBV,YAG thermocouple,,,,
,,IM4K4:PPM:MMS:STATE:PMPS:ARB:ENABLE_RBV,IM4K4 arbiter status,,,,
2,IM5K4,,,,,,
,,IM5K4:PPM:FWM:VAL_RBV,Flow sensor,,,,
,,IM5K4:PPM:SPM:STC:TEMP_RBV,PM thermocouple,,,,
,,IM5K4:PPM:YAG:STC:TEMP_RBV,YAG thermocouple,,,,
,,IM5K4:PPM:MMS:STATE:PMPS:ARB:ENABLE_RBV,IM5K4 arbiter status,,,,
2,IM6K4,,,,,,
,,IM6K4:PPM:FWM:VAL_RBV,Flow sensor,,,,
,,IM6K4:PPM:SPM:STC:TEMP_RBV,PM thermocouple,,,,
,,IM6K4:PPM:YAG:STC:TEMP_RBV,YAG thermocouple,,,,
,,IM6K4:PPM:CAM:TSS:SyncStatus,Camera Sync Status,,,,
,,IM6K4:PPM:CAM:TSS:DiffVsIntAvg,Sync Diff,,,,
,,IM6K4:PPM:MMS:STATE:PMPS:ARB:ENABLE_RBV,IM6K4 arbiter status,,,,
1,WFS,,,,,,
2,PF1K4,,,,,,
,,IM5K4:PPM:FWM:VAL_RBV,Flow sensor,,,,
,,PF1K4:WFS:STC:01:TEMP_RBV,Thermocouple 1,,,,
,,PF1K4:WFS:STC:02:TEMP_RBV,Thermocouple 2,,,,
,,PF1K4:WFS:MMS:STATE:PMPS:ARB:ENABLE_RBV,PF1K4 arbiter status,,,,
2,PF2K4,,,,,,
,,IM6K4:PPM:FWM:VAL_RBV,Flow sensor,,,,
,,PF2K4:WFS:STC:01:TEMP_RBV,Thermocouple 1,,,,
,,PF2K4:WFS:STC:02:TEMP_RBV,Thermocouple 2,,,,
,,PF2K4:WFS:MMS:STATE:PMPS:ARB:ENABLE_RBV,PF2K4 arbiter status,,,,
1,SP1K4,,,,,,
,,SP1K4:FZP:STATE:PMPS:ARB:ENABLE_RBV,SP1K4 zoneplate arbiter status,,,,
1,ATM,,,,,,
2,TM1K4,,,,,,
,,IM5K4:PPM:FWM:VAL_RBV,Flow sensor,,,,
,,TM1K4:ATM:STC:01:TEMP_RBV,Thermocouple 1,,,,
,,TM1K4:ATM:MMS:STATE:PMPS:ARB:ENABLE_RBV,TM1K4 arbiter status,,,,
2,TM2K4,,,,,,
,,IM6K4:PPM:FWM:VAL_RBV,Flow sensor,,,,
,,TM2K4:ATM:STC:01:TEMP_RBV,Thermocouple 1,,,,
,,TM2K4:ATM:MMS:STATE:PMPS:ARB:ENABLE_RBV,TM2K4 arbiter status,,,,
1,STOPPER,,,,,,
2,ST1K4,,,,,,
,,ST1K4:TEST:MMS:STATE:ERR_RBV,ST1K4 error state,,,,
,,ST1K4:TEST:MMS:STATE:GET_RBV,ST1K4 state,,,ST1K4:TEST:MMS:STATE:GET_RBV != PPS:NEH1:1:ST3K4INSUM,
,,ST1K4:TEST:MMS:STATE:ST3K4_AUTO_RBV,ST1K4 follow ST3K4 status,,,,
1,IP1,,,,,,
2,Main Chamber Pressure,,,,,,
,,TMO:IP1:MAIN:GAUGE:PRESS_RBV,Gauge pressure,,,,
1,LI2K4,,,,,,
2,Failing gauges (2 out of 3),,,,,,
,,LI2K4:IP1:GFS:01:PRESS_RBV,GCC,,,,
,,LI2K4:IP1:GFS:02:PRESS_RBV,GCC,,,,
,,LI2K4:IP1:GFS:03:PRESS_RBV,GCC,,,,
0,TMO DAQ,,,,,,
1,DAQ Damage,,,,,,
,,pva://DAQ:NEH:tmo:0:DeadFrac,,,,,
,,pva://DAQ:NEH:tmo:0:Damage_hsd,,,,,
,,pva://DAQ:NEH:tmo:0:Damage_bld,,,,,
,,pva://DAQ:NEH:tmo:0:Damage_epics,,,,,
,,pva://DAQ:NEH:tmo:0:Damage_atm,,,,,
1,SP1K4,,,,,,
,,SP1K4:PPM:CAM:TSS:SyncStatus,Camera Sync Status,,,,
,,SP1K4:PPM:CAM:TSS:DiffVsIntAvg,Sync Diff,,,,
,,TMO:SPEC:FWM:VAL_RBV,Flow sensor,,,,
,,TMO:SPEC:RTD:01:TEMP_RBV,Temperature sensor,,,,
,,TMO:SPEC:RTD:02:TEMP_RBV,Temperature sensor,,,,
1,IM5K4,,,,,,
,,IM5K4:PPM:CAM:TSS:SyncStatus,Camera Sync Status,,,,
,,IM5K4:PPM:CAM:TSS:DiffVsIntAvg,Sync Diff,,,,
0,TMO LASER,,,,,,
1,QADC,,,,,,
,,LM1K4:QADC:01:OUT0_EDGE1,QADC signal monitor,,,,
,,LM1K4:QADC:01:OUT0_EDGE2,QADC signal monitor,,,,
